model,score_test,score_val,pred_time_test,pred_time_val,fit_time_marginal,fit_order
Chronos2,-1.2581704838954286,-1.2581704838954286,1.1093969345092773,0.12915802001953125,0.8437659740447998,6
DirectTabular,-1.1710309021298102,-1.1710309021298102,0.037734031677246094,0.015025854110717773,1.8445713520050049,3
Theta,-0.9851429342326201,-0.9851429342326201,0.025492191314697266,0.014503955841064453,0.0035119056701660156,5
TemporalFusionTransformer,-0.803445225325272,-0.803445225325272,0.024910926818847656,0.02367997169494629,52.61858296394348,7
RecursiveTabular,-0.6612543223034321,-0.6612543223034321,0.018275737762451172,0.014282941818237305,0.4038569927215576,2
ETS,-0.5975989159841146,-0.5975989159841146,0.04908275604248047,0.025675058364868164,0.004227161407470703,4
SeasonalNaive,-0.5975989041845853,-0.5975989041845853,0.014899015426635742,0.014132022857666016,0.0034182071685791016,1
WeightedEnsemble,-0.5906256575753577,-0.5906256575753577,0.06593537330627441,0.053049950394779444,0.08661620802013204,8
